[
  {
    "data": [
      {
        "text": "1",
        "meta": "@sys.number",
        "alias": "number",
        "userDefined": false
      }
    ],
    "isTemplate": false,
    "count": 0,
    "lang": "en",
    "updated": 0
  },
  {
    "data": [
      {
        "text": "What to do for compoundable 26N letter of advice (LOA)",
        "userDefined": false
      }
    ],
    "isTemplate": false,
    "count": 0,
    "lang": "en",
    "updated": 0
  },
  {
    "data": [
      {
        "text": "Letter of advice (LOA) for ",
        "userDefined": false
      },
      {
        "text": "26",
        "meta": "@sys.ignore",
        "userDefined": false
      },
      {
        "text": "N compoundable",
        "userDefined": false
      }
    ],
    "isTemplate": false,
    "count": 0,
    "lang": "en",
    "updated": 0
  },
  {
    "data": [
      {
        "text": "Do what for letter of advice (LOA) ",
        "userDefined": false
      },
      {
        "text": "26",
        "meta": "@sys.ignore",
        "userDefined": false
      },
      {
        "text": "N",
        "userDefined": false
      }
    ],
    "isTemplate": false,
    "count": 0,
    "lang": "en",
    "updated": 0
  },
  {
    "data": [
      {
        "text": "Advice if I receive an letter of advice (LOA) pertaining to a compoundable fine for Court ",
        "userDefined": false
      },
      {
        "text": "26",
        "meta": "@sys.ignore",
        "userDefined": false
      },
      {
        "text": "N",
        "userDefined": false
      }
    ],
    "isTemplate": false,
    "count": 0,
    "lang": "en",
    "updated": 0
  }
]