[
  {
    "id": "af2f529f-22d1-4baf-b994-41a4b35db66c",
    "data": [
      {
        "text": "26",
        "meta": "@sys.ignore",
        "userDefined": false
      },
      {
        "text": "n non-compoundable",
        "userDefined": false
      }
    ],
    "isTemplate": false,
    "count": 0,
    "lang": "en",
    "updated": 0
  },
  {
    "id": "b496b696-f00b-4a22-a507-ce23f672c63f",
    "data": [
      {
        "text": "c",
        "userDefined": false
      },
      {
        "text": "14",
        "meta": "@sys.ignore",
        "userDefined": false
      },
      {
        "text": " non-compoundable",
        "userDefined": false
      }
    ],
    "isTemplate": false,
    "count": 0,
    "lang": "en",
    "updated": 0
  },
  {
    "id": "6301312a-d27d-4a1f-a870-05f93edff348",
    "data": [
      {
        "text": "non-compoundable",
        "userDefined": false
      }
    ],
    "isTemplate": false,
    "count": 0,
    "lang": "en",
    "updated": 0
  }
]