[
  {
    "id": "55988095-06dc-4438-a0b9-5d90d67f1d39",
    "data": [
      {
        "text": "advice for ",
        "userDefined": false
      },
      {
        "text": "26",
        "meta": "@sys.ignore",
        "userDefined": false
      },
      {
        "text": "N compoundable",
        "userDefined": false
      }
    ],
    "isTemplate": false,
    "count": 0,
    "lang": "en",
    "updated": 0
  },
  {
    "id": "e531215b-258d-4a4a-8347-ec435bcefe9a",
    "data": [
      {
        "text": "do i have to attend to court for ",
        "userDefined": false
      },
      {
        "text": "26",
        "meta": "@sys.ignore",
        "userDefined": false
      },
      {
        "text": "N compoundable",
        "userDefined": false
      }
    ],
    "isTemplate": false,
    "count": 0,
    "lang": "en",
    "updated": 0
  },
  {
    "id": "37a9b00b-2247-4275-94e9-d22f3142665e",
    "data": [
      {
        "text": "letter of reminder for court ",
        "userDefined": false
      },
      {
        "text": "26",
        "meta": "@sys.ignore",
        "userDefined": false
      },
      {
        "text": "N",
        "userDefined": false
      }
    ],
    "isTemplate": false,
    "count": 0,
    "lang": "en",
    "updated": 0
  },
  {
    "id": "9337f09e-a152-42ac-8a7a-c282f4104867",
    "data": [
      {
        "text": "what do i do with court number ",
        "userDefined": false
      },
      {
        "text": "26",
        "meta": "@sys.ignore",
        "userDefined": false
      },
      {
        "text": "N",
        "userDefined": false
      }
    ],
    "isTemplate": false,
    "count": 0,
    "lang": "en",
    "updated": 0
  },
  {
    "id": "93bccfa4-91d1-43a9-b0f0-8125e3928122",
    "data": [
      {
        "text": "court number ",
        "userDefined": false
      },
      {
        "text": "26",
        "meta": "@sys.ignore",
        "userDefined": false
      },
      {
        "text": "N",
        "userDefined": false
      }
    ],
    "isTemplate": false,
    "count": 0,
    "lang": "en",
    "updated": 0
  },
  {
    "id": "bca36b12-abef-46a2-a1e3-071f5c44c53f",
    "data": [
      {
        "text": "26",
        "meta": "@sys.ignore",
        "userDefined": false
      },
      {
        "text": "N",
        "userDefined": false
      }
    ],
    "isTemplate": false,
    "count": 0,
    "lang": "en",
    "updated": 0
  },
  {
    "id": "7ae635dc-49dc-4616-84a1-a767180daa91",
    "data": [
      {
        "text": "26",
        "meta": "@sys.ignore",
        "userDefined": false
      },
      {
        "text": "N compoundable",
        "userDefined": false
      }
    ],
    "isTemplate": false,
    "count": 0,
    "lang": "en",
    "updated": 0
  }
]