[
  {
    "id": "75bfea68-2924-4a7c-a077-61c9aee56880",
    "data": [
      {
        "text": "Re-location Programme",
        "userDefined": false
      }
    ],
    "isTemplate": false,
    "count": 0,
    "lang": "en",
    "updated": 0
  },
  {
    "id": "44810305-8315-4334-9967-632b731226fe",
    "data": [
      {
        "text": "Mount Vernon Columbarium Re-location Programme",
        "userDefined": false
      }
    ],
    "isTemplate": false,
    "count": 0,
    "lang": "en",
    "updated": 0
  },
  {
    "id": "2cc0df43-286c-495c-8a77-7b6bb71dc82b",
    "data": [
      {
        "text": "Mount Vernon Columbarium Programme",
        "userDefined": false
      }
    ],
    "isTemplate": false,
    "count": 0,
    "lang": "en",
    "updated": 0
  }
]