[
  {
    "id": "dcdb042e-002b-40b7-ab65-ff590b0dc9fb",
    "data": [
      {
        "text": "After Death cemetery exhumation",
        "userDefined": false
      }
    ],
    "isTemplate": false,
    "count": 0,
    "lang": "en",
    "updated": 0
  },
  {
    "id": "4ad79eb0-d338-4b3c-af1c-98b5ab851665",
    "data": [
      {
        "text": "Cemetery Exhumation",
        "userDefined": false
      }
    ],
    "isTemplate": false,
    "count": 0,
    "lang": "en",
    "updated": 0
  },
  {
    "id": "6ec50350-cfec-4e6c-9bf7-b3cfbf00bdfc",
    "data": [
      {
        "text": "Choa Chu Kang Cemetery Exhumation",
        "userDefined": false
      }
    ],
    "isTemplate": false,
    "count": 0,
    "lang": "en",
    "updated": 0
  },
  {
    "id": "5b2bdbfe-0212-4567-adb5-01b36b6837aa",
    "data": [
      {
        "text": "cck cemetery",
        "userDefined": false
      }
    ],
    "isTemplate": false,
    "count": 0,
    "lang": "en",
    "updated": 0
  }
]