[
  {
    "id": "4fafbb1e-3823-4bc9-a17c-d9c62d8394d3",
    "data": [
      {
        "text": "Yishun Ring Road",
        "userDefined": false
      }
    ],
    "isTemplate": false,
    "count": 0,
    "lang": "en",
    "updated": 0
  },
  {
    "id": "b295549a-5dd9-4a83-84a1-ed2954339afd",
    "data": [
      {
        "text": "64595228",
        "meta": "@sys.number",
        "alias": "yishunfaxno",
        "userDefined": true
      }
    ],
    "isTemplate": false,
    "count": 0,
    "lang": "en",
    "updated": 0
  },
  {
    "id": "a38ac0a8-f9fb-4521-99a8-78a2376896b9",
    "data": [
      {
        "text": "65545655",
        "meta": "@sys.phone-number",
        "alias": "yishunphoneno",
        "userDefined": true
      }
    ],
    "isTemplate": false,
    "count": 0,
    "lang": "en",
    "updated": 0
  },
  {
    "id": "225c67a2-d7df-4696-9c01-8dce00ad84af",
    "data": [
      {
        "text": "Yishun Columbaria",
        "userDefined": false
      }
    ],
    "isTemplate": false,
    "count": 0,
    "lang": "en",
    "updated": 0
  }
]