[
  {
    "id": "d6b43721-5faa-4864-ac26-4449dce189b6",
    "data": [
      {
        "text": "dead",
        "userDefined": false
      }
    ],
    "isTemplate": false,
    "count": 0,
    "lang": "en",
    "updated": 0
  },
  {
    "id": "f23213e5-73b6-45b5-b996-294d3531dd73",
    "data": [
      {
        "text": "die",
        "userDefined": false
      }
    ],
    "isTemplate": false,
    "count": 0,
    "lang": "en",
    "updated": 0
  },
  {
    "id": "73652932-226d-4347-94ca-5e7c078ef838",
    "data": [
      {
        "text": "post death",
        "userDefined": false
      }
    ],
    "isTemplate": false,
    "count": 0,
    "lang": "en",
    "updated": 0
  },
  {
    "id": "ab22b24e-a0c0-4988-aaa5-0a2a63db74ee",
    "data": [
      {
        "text": "after death",
        "userDefined": false
      }
    ],
    "isTemplate": false,
    "count": 0,
    "lang": "en",
    "updated": 0
  }
]