[
  {
    "id": "3ef86e28-9fb6-4ada-90d3-9a0b1049b7f7",
    "data": [
      {
        "text": "Phase ",
        "userDefined": false
      },
      {
        "text": "7",
        "meta": "@sys.number",
        "alias": "number",
        "userDefined": false
      },
      {
        "text": " CCK Cemetery Exhumation",
        "userDefined": false
      }
    ],
    "isTemplate": false,
    "count": 0,
    "lang": "en",
    "updated": 0
  },
  {
    "id": "b08638bf-aae2-456a-88a2-97958ecf2aaf",
    "data": [
      {
        "text": "Phase ",
        "userDefined": false
      },
      {
        "text": "7",
        "meta": "@sys.number",
        "alias": "number",
        "userDefined": false
      }
    ],
    "isTemplate": false,
    "count": 0,
    "lang": "en",
    "updated": 0
  }
]