[
  {
    "id": "5319a49d-20fa-4067-b8cd-ad38387703d2",
    "data": [
      {
        "text": "6795 0885",
        "meta": "@sys.number",
        "alias": "cckfaxno",
        "userDefined": true
      }
    ],
    "isTemplate": false,
    "count": 0,
    "lang": "en",
    "updated": 0
  },
  {
    "id": "97aa2a6b-77f4-4623-8675-7dc4203d50d7",
    "data": [
      {
        "text": "6795 9731",
        "meta": "@sys.phone-number",
        "alias": "cckphoneno",
        "userDefined": true
      }
    ],
    "isTemplate": false,
    "count": 0,
    "lang": "en",
    "updated": 0
  },
  {
    "id": "56c03a86-9bd9-4f98-aec0-406390bf75bc",
    "data": [
      {
        "text": "Choa Chu Kang Cemetery Complex",
        "userDefined": false
      }
    ],
    "isTemplate": false,
    "count": 0,
    "lang": "en",
    "updated": 0
  },
  {
    "id": "85cf5a60-172c-4d63-87e5-24302056fe32",
    "data": [
      {
        "text": "Choa Chu Kang Columbarium",
        "userDefined": false
      }
    ],
    "isTemplate": false,
    "count": 0,
    "lang": "en",
    "updated": 0
  },
  {
    "id": "88d4175e-2af4-4f96-abf0-967557d03213",
    "data": [
      {
        "text": "CCK Columbaria",
        "userDefined": false
      }
    ],
    "isTemplate": false,
    "count": 0,
    "lang": "en",
    "updated": 0
  }
]