[
  {
    "id": "6ca9235b-d5cd-48d9-8a94-27951970708b",
    "data": [
      {
        "text": "soil burial",
        "userDefined": false
      }
    ],
    "isTemplate": false,
    "count": 0,
    "lang": "en",
    "updated": 0
  },
  {
    "id": "72c07c22-f355-48d5-9fe7-d8dec5ea5e5e",
    "data": [
      {
        "text": "soil burial system",
        "userDefined": false
      }
    ],
    "isTemplate": false,
    "count": 0,
    "lang": "en",
    "updated": 0
  },
  {
    "id": "5b2aab56-3620-40b9-8772-7bd63515a245",
    "data": [
      {
        "text": "cbs",
        "userDefined": false
      }
    ],
    "isTemplate": false,
    "count": 0,
    "lang": "en",
    "updated": 0
  },
  {
    "id": "ace5e9bb-ec1d-4b31-9a12-7b9ed96b0255",
    "data": [
      {
        "text": "after death crypt system",
        "userDefined": false
      }
    ],
    "isTemplate": false,
    "count": 0,
    "lang": "en",
    "updated": 0
  },
  {
    "id": "6954af4d-823c-4e51-8260-5f9f865d7887",
    "data": [
      {
        "text": "crypt burial system",
        "userDefined": false
      }
    ],
    "isTemplate": false,
    "count": 0,
    "lang": "en",
    "updated": 0
  }
]