[
  {
    "id": "e48d6df7-1535-41b3-8959-3977a6088786",
    "data": [
      {
        "text": "cck cemetery exhumation phase ",
        "userDefined": false
      },
      {
        "text": "7",
        "meta": "@sys.number",
        "alias": "number",
        "userDefined": false
      },
      {
        "text": " registration",
        "userDefined": false
      }
    ],
    "isTemplate": false,
    "count": 0,
    "lang": "en",
    "updated": 0
  },
  {
    "id": "8481c968-fe44-4942-b85e-ac1c49951cbd",
    "data": [
      {
        "text": "registration for phase ",
        "userDefined": false
      },
      {
        "text": "7",
        "meta": "@sys.number",
        "alias": "number",
        "userDefined": false
      }
    ],
    "isTemplate": false,
    "count": 0,
    "lang": "en",
    "updated": 0
  }
]