[
  {
    "id": "940baaa1-c777-4020-a10b-13527a44f7d6",
    "data": [
      {
        "text": "Phase ",
        "userDefined": false
      },
      {
        "text": "6",
        "meta": "@sys.number",
        "alias": "number",
        "userDefined": false
      }
    ],
    "isTemplate": false,
    "count": 0,
    "lang": "en",
    "updated": 0
  },
  {
    "id": "f15100f3-a7d4-485c-afcd-258050013c57",
    "data": [
      {
        "text": "Phase ",
        "userDefined": false
      },
      {
        "text": "6",
        "meta": "@sys.number",
        "alias": "number",
        "userDefined": false
      },
      {
        "text": " CCK Cemetery Exhumation",
        "userDefined": false
      }
    ],
    "isTemplate": false,
    "count": 0,
    "lang": "en",
    "updated": 0
  }
]