[
  {
    "id": "1fc125da-5a8a-4c20-b5d7-f155a82fa02a",
    "data": [
      {
        "text": "64595228",
        "meta": "@sys.number",
        "alias": "mandaipfax",
        "userDefined": false
      }
    ],
    "isTemplate": false,
    "count": 0,
    "lang": "en",
    "updated": 0
  },
  {
    "id": "eae91d78-25d0-4e6c-b85c-de0f8e01532f",
    "data": [
      {
        "text": "65545655",
        "meta": "@sys.phone-number",
        "alias": "mandaiphoneno",
        "userDefined": false
      }
    ],
    "isTemplate": false,
    "count": 0,
    "lang": "en",
    "updated": 0
  },
  {
    "id": "5e83ea52-ceb7-40d7-aa3f-97e03d29d593",
    "data": [
      {
        "text": "mandai road",
        "userDefined": false
      }
    ],
    "isTemplate": false,
    "count": 0,
    "lang": "en",
    "updated": 0
  },
  {
    "id": "81b9666d-c4eb-4320-a7bc-f823dc88fcb3",
    "data": [
      {
        "text": "mandai",
        "userDefined": false
      }
    ],
    "isTemplate": false,
    "count": 0,
    "lang": "en",
    "updated": 0
  },
  {
    "id": "b6c0efca-1349-45bf-923b-42df39f35a19",
    "data": [
      {
        "text": "Mandai Columbaria",
        "userDefined": false
      }
    ],
    "isTemplate": false,
    "count": 0,
    "lang": "en",
    "updated": 0
  }
]