[
  {
    "id": "0c49879c-39ea-4155-b51b-d99bb77b1ee2",
    "data": [
      {
        "text": "Phase ",
        "userDefined": false
      },
      {
        "text": "1",
        "meta": "@sys.number",
        "alias": "number",
        "userDefined": false
      },
      {
        "text": " - ",
        "userDefined": false
      },
      {
        "text": "5",
        "meta": "@sys.number",
        "alias": "number",
        "userDefined": false
      },
      {
        "text": " Exhumation Programmes",
        "userDefined": false
      }
    ],
    "isTemplate": false,
    "count": 0,
    "lang": "en",
    "updated": 0
  },
  {
    "id": "db2ced39-c8be-4bb9-a352-c1b617d145f5",
    "data": [
      {
        "text": "Past Exhumation Programmes",
        "userDefined": false
      }
    ],
    "isTemplate": false,
    "count": 0,
    "lang": "en",
    "updated": 0
  }
]