[
  {
    "id": "6d8a5512-29c7-476f-ba79-9d97a4afaf2e",
    "data": [
      {
        "text": "What services can Dion Perform",
        "userDefined": false
      }
    ],
    "isTemplate": false,
    "count": 0,
    "lang": "en",
    "updated": 0
  },
  {
    "id": "4339e13a-1823-4c80-9870-0f4619b01274",
    "data": [
      {
        "text": "What services does dion have?",
        "userDefined": false
      }
    ],
    "isTemplate": false,
    "count": 0,
    "lang": "en",
    "updated": 0
  },
  {
    "id": "ae71a494-f573-4910-9cdf-510ddfe9a18c",
    "data": [
      {
        "text": "What are some Bot Services that I can use?",
        "userDefined": false
      }
    ],
    "isTemplate": false,
    "count": 0,
    "lang": "en",
    "updated": 0
  },
  {
    "id": "b497311f-f6a4-42da-8d4e-4004d4e7ba7e",
    "data": [
      {
        "text": "Bot Services",
        "userDefined": false
      }
    ],
    "isTemplate": false,
    "count": 0,
    "lang": "en",
    "updated": 0
  }
]