[
  {
    "id": "10648dca-00c6-420d-b839-302fa3812a39",
    "data": [
      {
        "text": "Which team will front feedback on illegal dumping?",
        "userDefined": false
      }
    ],
    "isTemplate": false,
    "count": 0,
    "lang": "en",
    "updated": 0
  },
  {
    "id": "e3b22487-2d34-4905-93f6-c61fafe84778",
    "data": [
      {
        "text": "Who takes charge of bulky waste?",
        "userDefined": false
      }
    ],
    "isTemplate": false,
    "count": 0,
    "lang": "en",
    "updated": 0
  },
  {
    "id": "1c1e759b-4eea-4bbb-a396-1779cbef6fad",
    "data": [
      {
        "text": "Which team will front feedback on bulky waste?",
        "userDefined": false
      }
    ],
    "isTemplate": false,
    "count": 0,
    "lang": "en",
    "updated": 0
  },
  {
    "id": "6555bba2-1058-4e76-8b79-a0574fe45757",
    "data": [
      {
        "text": "Team in charge of bulky waste",
        "userDefined": false
      }
    ],
    "isTemplate": false,
    "count": 0,
    "lang": "en",
    "updated": 0
  }
]