[
  {
    "id": "85c8f523-3fae-431d-a2ee-db2e8d4326cc",
    "data": [
      {
        "text": "do i need to attend court after my payment for court C",
        "userDefined": false
      },
      {
        "text": "14",
        "meta": "@sys.ignore",
        "userDefined": false
      }
    ],
    "isTemplate": false,
    "count": 0,
    "lang": "en",
    "updated": 0
  },
  {
    "id": "0c335649-77a7-47d9-9099-8095f5794935",
    "data": [
      {
        "text": "do i need to attend court if my court number is c",
        "userDefined": false
      },
      {
        "text": "14",
        "meta": "@sys.ignore",
        "userDefined": false
      }
    ],
    "isTemplate": false,
    "count": 0,
    "lang": "en",
    "updated": 0
  },
  {
    "id": "1dd7448f-b124-493d-9f81-61af5152daab",
    "data": [
      {
        "text": "advice on court number c",
        "userDefined": false
      },
      {
        "text": "14",
        "meta": "@sys.ignore",
        "userDefined": false
      }
    ],
    "isTemplate": false,
    "count": 0,
    "lang": "en",
    "updated": 0
  },
  {
    "id": "f7b73dc2-a410-4dc4-a07a-68389db4e78f",
    "data": [
      {
        "text": "court number c",
        "userDefined": false
      },
      {
        "text": "14",
        "meta": "@sys.ignore",
        "userDefined": false
      }
    ],
    "isTemplate": false,
    "count": 0,
    "lang": "en",
    "updated": 0
  },
  {
    "id": "d809035a-2a22-40e2-a0d0-5d17a3e86168",
    "data": [
      {
        "text": "C",
        "userDefined": false
      },
      {
        "text": "14",
        "meta": "@sys.ignore",
        "userDefined": false
      },
      {
        "text": " compoundable",
        "userDefined": false
      }
    ],
    "isTemplate": false,
    "count": 0,
    "lang": "en",
    "updated": 0
  },
  {
    "id": "74104750-6865-4b99-886a-26af3ae2dd7d",
    "data": [
      {
        "text": "compoundable C",
        "userDefined": false
      },
      {
        "text": "14",
        "meta": "@sys.ignore",
        "userDefined": false
      }
    ],
    "isTemplate": false,
    "count": 0,
    "lang": "en",
    "updated": 0
  }
]