[
  {
    "id": "7d8302a5-b9b6-47d0-8c33-90b7d6561048",
    "data": [
      {
        "text": "make claim",
        "userDefined": false
      }
    ],
    "isTemplate": false,
    "count": 0,
    "lang": "en",
    "updated": 0
  },
  {
    "id": "39ed68f1-e5c3-480f-8d56-457483d0954b",
    "data": [
      {
        "text": "Phase ",
        "userDefined": false
      },
      {
        "text": "7",
        "meta": "@sys.number",
        "alias": "number",
        "userDefined": false
      },
      {
        "text": "a Make Claim",
        "userDefined": false
      }
    ],
    "isTemplate": false,
    "count": 0,
    "lang": "en",
    "updated": 0
  }
]