[
  {
    "id": "9d337d81-5649-4382-8340-273ed3cdcccc",
    "data": [
      {
        "text": "prevention",
        "userDefined": false
      }
    ],
    "isTemplate": false,
    "count": 0,
    "lang": "en",
    "updated": 0
  },
  {
    "id": "dac3c8e0-0fcb-4b5c-ac72-1e5e34b85186",
    "data": [
      {
        "text": "(",
        "userDefined": false
      },
      {
        "text": "4",
        "meta": "@sys.number",
        "alias": "number",
        "userDefined": false
      },
      {
        "text": ")",
        "userDefined": false
      }
    ],
    "isTemplate": false,
    "count": 0,
    "lang": "en",
    "updated": 0
  },
  {
    "id": "b7ed78db-4289-46c1-aa6b-1973c634b85c",
    "data": [
      {
        "text": "4",
        "meta": "@sys.number",
        "alias": "number",
        "userDefined": false
      }
    ],
    "isTemplate": false,
    "count": 0,
    "lang": "en",
    "updated": 0
  },
  {
    "id": "c8ff253b-524a-41bf-9761-20cc308aa864",
    "data": [
      {
        "text": "How to prevent Aedes Mosquito from Breeding?",
        "userDefined": false
      }
    ],
    "isTemplate": false,
    "count": 0,
    "lang": "en",
    "updated": 0
  },
  {
    "id": "14915a7a-e72d-43d5-8a29-c6372f20efb9",
    "data": [
      {
        "text": "How can I play my part in preventing the breeding of Aedes Mosquito?",
        "userDefined": false
      }
    ],
    "isTemplate": false,
    "count": 0,
    "lang": "en",
    "updated": 0
  },
  {
    "id": "c4ece33e-788e-42de-a5c8-bbafb134464e",
    "data": [
      {
        "text": "How to stop Aedes Mosquito from breeding?",
        "userDefined": false
      }
    ],
    "isTemplate": false,
    "count": 1,
    "lang": "en",
    "updated": 0
  }
]