[
  {
    "id": "74daee51-bb16-4409-88a8-f10dfbc2fca2",
    "data": [
      {
        "text": "how mosquitoes breed",
        "userDefined": false
      }
    ],
    "isTemplate": false,
    "count": 0,
    "lang": "en",
    "updated": 0
  },
  {
    "id": "fe8881e2-3a78-4877-9d52-39c70e9a2c3d",
    "data": [
      {
        "text": "how they breed",
        "userDefined": false
      }
    ],
    "isTemplate": false,
    "count": 0,
    "lang": "en",
    "updated": 0
  },
  {
    "id": "f904ad8f-f41a-43f2-bd0e-251c4e9490ed",
    "data": [
      {
        "text": "how it breed",
        "userDefined": false
      }
    ],
    "isTemplate": false,
    "count": 0,
    "lang": "en",
    "updated": 0
  }
]