[
  {
    "id": "a5e49dac-18bf-4469-b4bc-15a80c8386d1",
    "data": [
      {
        "text": "(",
        "userDefined": false
      },
      {
        "text": "5",
        "meta": "@sys.ignore",
        "userDefined": false
      },
      {
        "text": ")",
        "userDefined": false
      }
    ],
    "isTemplate": false,
    "count": 0,
    "lang": "en",
    "updated": 0
  },
  {
    "id": "36ca38d4-e5f5-4a3b-b749-9795d96dcfc8",
    "data": [
      {
        "text": "5",
        "meta": "@sys.ignore",
        "userDefined": false
      }
    ],
    "isTemplate": false,
    "count": 0,
    "lang": "en",
    "updated": 0
  },
  {
    "id": "6986f4df-369e-4d85-9b1f-f350f6bb4078",
    "data": [
      {
        "text": "what is the number of reported cases",
        "userDefined": false
      }
    ],
    "isTemplate": false,
    "count": 0,
    "lang": "en",
    "updated": 0
  },
  {
    "id": "5af11242-417f-4dc2-83e0-9d54adc86408",
    "data": [
      {
        "text": "Reported cases for dengue",
        "userDefined": false
      }
    ],
    "isTemplate": false,
    "count": 0,
    "lang": "en",
    "updated": 0
  },
  {
    "id": "53420910-2d83-4ee0-bc9a-0beba0f3148f",
    "data": [
      {
        "text": "Number of reported cases",
        "userDefined": false
      }
    ],
    "isTemplate": false,
    "count": 0,
    "lang": "en",
    "updated": 0
  }
]