[
  {
    "id": "49bb810a-1d99-4ea5-a54c-dd2d8c9be719",
    "data": [
      {
        "text": "dengue",
        "userDefined": false
      }
    ],
    "isTemplate": false,
    "count": 0,
    "lang": "en",
    "updated": 0
  },
  {
    "id": "67a38fe2-2280-4a1c-835c-10440d7dc447",
    "data": [
      {
        "text": "zika",
        "userDefined": false
      }
    ],
    "isTemplate": false,
    "count": 0,
    "lang": "en",
    "updated": 0
  },
  {
    "id": "05b523e7-9253-42a2-a9cc-87c8b14dc107",
    "data": [
      {
        "text": "zika and dengue",
        "userDefined": false
      }
    ],
    "isTemplate": false,
    "count": 0,
    "lang": "en",
    "updated": 0
  },
  {
    "id": "b44e5c42-6b4d-4508-8757-80f543d607a2",
    "data": [
      {
        "text": "dengue and zika",
        "userDefined": false
      }
    ],
    "isTemplate": false,
    "count": 0,
    "lang": "en",
    "updated": 0
  }
]