[
  {
    "id": "7dccd388-edc9-40d0-81f8-4bebf83679ec",
    "data": [
      {
        "text": "How can I pay my fines?",
        "userDefined": false
      }
    ],
    "isTemplate": false,
    "count": 0,
    "lang": "en",
    "updated": 0
  },
  {
    "id": "2f3b8cb8-dcf7-4eb7-adaa-7bc313d165cd",
    "data": [
      {
        "text": "methods for fine payment?",
        "userDefined": false
      }
    ],
    "isTemplate": false,
    "count": 0,
    "lang": "en",
    "updated": 0
  },
  {
    "id": "09191003-88c0-421d-ae66-6c85aaa1c842",
    "data": [
      {
        "text": "What are the different methods available for fine payment?",
        "userDefined": false
      }
    ],
    "isTemplate": false,
    "count": 0,
    "lang": "en",
    "updated": 0
  },
  {
    "id": "cce0d67e-ab7b-4d82-86b2-b57c9361674a",
    "data": [
      {
        "text": "How to pay my fine?",
        "userDefined": false
      }
    ],
    "isTemplate": false,
    "count": 0,
    "lang": "en",
    "updated": 0
  },
  {
    "id": "8c50ab44-a14d-4c02-bc33-c0b348326686",
    "data": [
      {
        "text": "Where can I pay for my fine?",
        "userDefined": false
      }
    ],
    "isTemplate": false,
    "count": 0,
    "lang": "en",
    "updated": 0
  },
  {
    "id": "24dae3e0-fed4-4fc4-98f9-92dbec4269c0",
    "data": [
      {
        "text": "What are the different modes for the fine payment?",
        "userDefined": false
      }
    ],
    "isTemplate": false,
    "count": 0,
    "lang": "en",
    "updated": 0
  },
  {
    "id": "9bf1417b-9bb1-42a5-86c1-33d6e70b3971",
    "data": [
      {
        "text": "Modes of fine payment",
        "userDefined": false
      }
    ],
    "isTemplate": false,
    "count": 0,
    "lang": "en",
    "updated": 0
  }
]