[
  {
    "id": "b38b90cf-764b-4ebe-8e6d-d823627de58a",
    "data": [
      {
        "text": "How to submit appeal?",
        "userDefined": false
      }
    ],
    "isTemplate": false,
    "count": 0,
    "lang": "en",
    "updated": 0
  },
  {
    "id": "8d32d970-ad3e-42dd-a9ef-53c5f7daf5a9",
    "data": [
      {
        "text": "What is the advice I should give to customers asking how they can submit an appeal against their NEA fine?",
        "userDefined": false
      }
    ],
    "isTemplate": false,
    "count": 0,
    "lang": "en",
    "updated": 0
  },
  {
    "id": "be69a311-4abe-4bc8-829b-ada591b71d2c",
    "data": [
      {
        "text": "Where to appeal?",
        "userDefined": false
      }
    ],
    "isTemplate": false,
    "count": 0,
    "lang": "en",
    "updated": 0
  },
  {
    "id": "947a0154-5d61-4b4a-8fa8-8287e964130a",
    "data": [
      {
        "text": "how to appeal fines",
        "userDefined": false
      }
    ],
    "isTemplate": false,
    "count": 0,
    "lang": "en",
    "updated": 0
  },
  {
    "id": "f1507768-082a-4d8d-98e8-b760918a609a",
    "data": [
      {
        "text": "how do I submit an appeal?",
        "userDefined": false
      }
    ],
    "isTemplate": false,
    "count": 0,
    "lang": "en",
    "updated": 0
  },
  {
    "id": "a4b41212-3201-45e7-92e5-8222b9bd9470",
    "data": [
      {
        "text": "How am I able to appeal my fines?",
        "userDefined": false
      }
    ],
    "isTemplate": false,
    "count": 0,
    "lang": "en",
    "updated": 0
  },
  {
    "id": "15773252-ae9d-4e7a-a77d-e4cc2faa87a3",
    "data": [
      {
        "text": "fine appeal please",
        "userDefined": false
      }
    ],
    "isTemplate": false,
    "count": 0,
    "lang": "en",
    "updated": 0
  },
  {
    "id": "d0e0de99-0542-43fa-a61c-ce3a13921334",
    "data": [
      {
        "text": "i need to appeal my fines",
        "userDefined": false
      }
    ],
    "isTemplate": false,
    "count": 0,
    "lang": "en",
    "updated": 0
  },
  {
    "id": "6ec863c6-c00d-4c31-9d36-69ef1c3cf801",
    "data": [
      {
        "text": "tell me how appeal fines",
        "userDefined": false
      }
    ],
    "isTemplate": false,
    "count": 0,
    "lang": "en",
    "updated": 0
  },
  {
    "id": "8ed0e86e-edfa-4fea-89ee-dde7dd00207b",
    "data": [
      {
        "text": "how do I appeal my fines?",
        "userDefined": false
      }
    ],
    "isTemplate": false,
    "count": 0,
    "lang": "en",
    "updated": 0
  }
]