[
  {
    "id": "d62bab4f-c352-49f0-8572-18df8c17e9d6",
    "data": [
      {
        "text": "I failed to attend court! what do I do now",
        "userDefined": false
      }
    ],
    "isTemplate": false,
    "count": 0,
    "lang": "en",
    "updated": 0
  },
  {
    "id": "e5da219c-ef67-4375-9c09-a0cbf64818af",
    "data": [
      {
        "text": "what to do if I failed to attend court",
        "userDefined": false
      }
    ],
    "isTemplate": false,
    "count": 0,
    "lang": "en",
    "updated": 0
  },
  {
    "id": "e54d9590-7f05-4cb1-b531-2741acae82b6",
    "data": [
      {
        "text": "What if I failed to attend court?",
        "userDefined": false
      }
    ],
    "isTemplate": false,
    "count": 0,
    "lang": "en",
    "updated": 0
  },
  {
    "id": "81693261-9ef4-4b68-8666-04ed23c4e671",
    "data": [
      {
        "text": "missed court date",
        "userDefined": false
      }
    ],
    "isTemplate": false,
    "count": 0,
    "lang": "en",
    "updated": 0
  },
  {
    "id": "73be9bbd-b447-4560-86f2-d16da72887be",
    "data": [
      {
        "text": "what advice can you give to someone who missed his court date?",
        "userDefined": false
      }
    ],
    "isTemplate": false,
    "count": 0,
    "lang": "en",
    "updated": 0
  },
  {
    "id": "37060db4-e546-44f9-bcb4-26decaaff272",
    "data": [
      {
        "text": "I missed my court date! what do I do?",
        "userDefined": false
      }
    ],
    "isTemplate": false,
    "count": 0,
    "lang": "en",
    "updated": 0
  },
  {
    "id": "37e8fb77-510a-43c0-a923-82a35e2b2c01",
    "data": [
      {
        "text": "What do I do if I missed my court date?",
        "userDefined": false
      }
    ],
    "isTemplate": false,
    "count": 0,
    "lang": "en",
    "updated": 0
  }
]