[
  {
    "id": "74df4f36-8bec-44a1-97fb-a002dbb49efe",
    "data": [
      {
        "text": "Tell me about fine payment",
        "userDefined": false
      }
    ],
    "isTemplate": false,
    "count": 1,
    "lang": "en",
    "updated": 0
  },
  {
    "id": "d349f9f5-be83-4973-8469-0603833aa44e",
    "data": [
      {
        "text": "Payment of Fines",
        "userDefined": false
      }
    ],
    "isTemplate": false,
    "count": 0,
    "lang": "en",
    "updated": 0
  },
  {
    "id": "e3d89cf5-3161-4938-b43e-95c99a8ee824",
    "data": [
      {
        "text": "Fine Payment",
        "userDefined": false
      }
    ],
    "isTemplate": false,
    "count": 0,
    "lang": "en",
    "updated": 0
  }
]