[
  {
    "id": "92b572dd-b0be-4b88-ba24-ce03faec7856",
    "data": [
      {
        "text": "what is the status on my appeal?",
        "userDefined": false
      }
    ],
    "isTemplate": false,
    "count": 0,
    "lang": "en",
    "updated": 0
  },
  {
    "id": "e21adc0a-d333-49b3-a6b5-9c2edad5bbd2",
    "data": [
      {
        "text": "Check my appeal status",
        "userDefined": false
      }
    ],
    "isTemplate": false,
    "count": 0,
    "lang": "en",
    "updated": 0
  },
  {
    "id": "0622b5ee-ce5e-4448-878d-781143525e01",
    "data": [
      {
        "text": "How do I view my appeal status?",
        "userDefined": false
      }
    ],
    "isTemplate": false,
    "count": 0,
    "lang": "en",
    "updated": 0
  },
  {
    "id": "95a8f62d-7a9c-42ad-a2d7-f321c197e4de",
    "data": [
      {
        "text": "Can I view my NEA appeal status?",
        "userDefined": false
      }
    ],
    "isTemplate": false,
    "count": 0,
    "lang": "en",
    "updated": 0
  }
]