[
  {
    "id": "cb1e2e9d-c430-40b8-8fdd-dffb0d049658",
    "data": [
      {
        "text": "Do I need to go to court if I already settled my fine?",
        "userDefined": false
      }
    ],
    "isTemplate": false,
    "count": 0,
    "lang": "en",
    "updated": 0
  },
  {
    "id": "91bdc5dd-c6d2-45f6-b4a3-5649b18d7ccc",
    "data": [
      {
        "text": "Do I need to attend court after making payment?",
        "userDefined": false
      }
    ],
    "isTemplate": false,
    "count": 0,
    "lang": "en",
    "updated": 0
  },
  {
    "id": "80546d15-0e20-4cf5-930f-9adf68d458ad",
    "data": [
      {
        "text": "Court attendance required after fine payment?",
        "userDefined": false
      }
    ],
    "isTemplate": false,
    "count": 0,
    "lang": "en",
    "updated": 0
  },
  {
    "id": "3e80122b-32de-49c7-871e-c09a73ce28e6",
    "data": [
      {
        "text": "Would the offender be required to attend court if he has made payment for his fine?",
        "userDefined": false
      }
    ],
    "isTemplate": false,
    "count": 0,
    "lang": "en",
    "updated": 0
  },
  {
    "id": "3e069773-da7c-4a00-bb9d-6116ec90d138",
    "data": [
      {
        "text": "Do I need to attend court after paying my fine?",
        "userDefined": false
      }
    ],
    "isTemplate": false,
    "count": 0,
    "lang": "en",
    "updated": 0
  },
  {
    "id": "c2ffea11-6312-4bc0-9839-69a447200c4d",
    "data": [
      {
        "text": "Is court attendance required after fine payment?",
        "userDefined": false
      }
    ],
    "isTemplate": false,
    "count": 0,
    "lang": "en",
    "updated": 0
  },
  {
    "id": "2fd61625-7677-49e6-898f-24308d77c50b",
    "data": [
      {
        "text": "Do I still need to attend court after fine payment?",
        "userDefined": false
      }
    ],
    "isTemplate": false,
    "count": 0,
    "lang": "en",
    "updated": 0
  },
  {
    "id": "549f0404-d4a2-40c9-a11c-9112aec4f240",
    "data": [
      {
        "text": "Do I still need to attend court if I have already paid my fine?",
        "userDefined": false
      }
    ],
    "isTemplate": false,
    "count": 0,
    "lang": "en",
    "updated": 0
  }
]