[
  {
    "id": "b15add06-c2ab-43c5-9984-10b296e5efe5",
    "data": [
      {
        "text": "meaning of compoundable offences/charges",
        "userDefined": false
      }
    ],
    "isTemplate": false,
    "count": 0,
    "lang": "en",
    "updated": 0
  },
  {
    "id": "44a53204-7db5-49a3-88b8-fc5e499b9966",
    "data": [
      {
        "text": "summary of the offences/charges",
        "userDefined": false
      }
    ],
    "isTemplate": false,
    "count": 0,
    "lang": "en",
    "updated": 0
  },
  {
    "id": "1923a9a9-4b5a-4977-b6bf-d8b9f23dd886",
    "data": [
      {
        "text": "what are the non compoundable ",
        "userDefined": false
      },
      {
        "text": "offences/charges",
        "meta": "@sys.ignore",
        "userDefined": true
      }
    ],
    "isTemplate": false,
    "count": 0,
    "lang": "en",
    "updated": 0
  },
  {
    "id": "d80069bf-3cba-461e-baf2-58d393f1e281",
    "data": [
      {
        "text": "what are the compoundable offences/charges",
        "userDefined": false
      }
    ],
    "isTemplate": false,
    "count": 0,
    "lang": "en",
    "updated": 0
  }
]