[
  {
    "id": "b3c0ab76-3caa-4b0c-b482-5c715220c1b3",
    "data": [
      {
        "text": "how it breed",
        "userDefined": false
      }
    ],
    "isTemplate": false,
    "count": 0,
    "lang": "en",
    "updated": 0
  },
  {
    "id": "44209218-85d4-495a-bb89-272e43c477fc",
    "data": [
      {
        "text": "how they breed",
        "userDefined": false
      }
    ],
    "isTemplate": false,
    "count": 0,
    "lang": "en",
    "updated": 0
  },
  {
    "id": "891821a8-c029-45c2-8e55-e92c44029cc5",
    "data": [
      {
        "text": "how mosquitoes breed",
        "userDefined": false
      }
    ],
    "isTemplate": false,
    "count": 0,
    "lang": "en",
    "updated": 0
  }
]