[
  {
    "id": "18ee605d-9488-43ff-af6a-db3b9346312c",
    "data": [
      {
        "text": "What are the differences between illegal dumping and bulky waste",
        "userDefined": false
      }
    ],
    "isTemplate": false,
    "count": 0,
    "lang": "en",
    "updated": 0
  },
  {
    "id": "05deab05-6ea5-45f2-af85-f48ca66918c8",
    "data": [
      {
        "text": "difference between bulky waste and illegal dumping?",
        "userDefined": false
      }
    ],
    "isTemplate": false,
    "count": 0,
    "lang": "en",
    "updated": 0
  },
  {
    "id": "09ece7df-93a1-4ce8-a561-1cfddda4767a",
    "data": [
      {
        "text": "illegal dumping vs bulky waste",
        "userDefined": false
      }
    ],
    "isTemplate": false,
    "count": 0,
    "lang": "en",
    "updated": 0
  },
  {
    "id": "478e8479-43bb-4c74-b827-c2673f4ce5e5",
    "data": [
      {
        "text": "Difference illegal dumping and bulky waste",
        "userDefined": false
      }
    ],
    "isTemplate": false,
    "count": 0,
    "lang": "en",
    "updated": 0
  }
]