[
  {
    "id": "a44e0f18-32d7-49ac-b727-144612de305a",
    "data": [
      {
        "text": "What\u0027s the information needed to report illegal dumping?",
        "userDefined": false
      }
    ],
    "isTemplate": false,
    "count": 0,
    "lang": "en",
    "updated": 0
  },
  {
    "id": "cd03946c-2f6c-497b-ad25-c58e33eed8b1",
    "data": [
      {
        "text": "What\u0027s the information needed to feedback illegal dumping?",
        "userDefined": false
      }
    ],
    "isTemplate": false,
    "count": 0,
    "lang": "en",
    "updated": 0
  },
  {
    "id": "939068fc-88b3-493e-870c-910315acdfb0",
    "data": [
      {
        "text": "How to give feedback for illegal dumping?",
        "userDefined": false
      }
    ],
    "isTemplate": false,
    "count": 0,
    "lang": "en",
    "updated": 0
  },
  {
    "id": "f26f8785-bcf5-4a98-8b50-52a6e04d5f97",
    "data": [
      {
        "text": "How to report illegal dumping?",
        "userDefined": false
      }
    ],
    "isTemplate": false,
    "count": 0,
    "lang": "en",
    "updated": 0
  }
]