[
  {
    "id": "ca7d2032-a36a-491e-aaa4-880073375e99",
    "data": [
      {
        "text": "Which team will front feedback on illegal dumping?",
        "userDefined": false
      }
    ],
    "isTemplate": false,
    "count": 0,
    "lang": "en",
    "updated": 0
  },
  {
    "id": "51e5d896-a536-4228-b61a-86f0b1a97315",
    "data": [
      {
        "text": "Team in charge of illegal dumping",
        "userDefined": false
      }
    ],
    "isTemplate": false,
    "count": 0,
    "lang": "en",
    "updated": 0
  },
  {
    "id": "fce1e8d7-09db-4d8f-b531-7708dd7af6b3",
    "data": [
      {
        "text": "Who takes charge of illegal dumping?",
        "userDefined": false
      }
    ],
    "isTemplate": false,
    "count": 0,
    "lang": "en",
    "updated": 0
  },
  {
    "id": "555cac09-1531-45de-8971-d7f177035de4",
    "data": [
      {
        "text": "Who is the team in charge of illegal dumping?",
        "userDefined": false
      }
    ],
    "isTemplate": false,
    "count": 0,
    "lang": "en",
    "updated": 0
  }
]