[
  {
    "id": "a60057c7-d80e-4bae-9e1b-a8f6d2e0111a",
    "data": [
      {
        "text": "what is illegal dumping?",
        "userDefined": false
      }
    ],
    "isTemplate": false,
    "count": 0,
    "lang": "en",
    "updated": 0
  },
  {
    "id": "d27da4eb-b817-4366-b24b-3598b62c4d79",
    "data": [
      {
        "text": "illegal dumping characteristic",
        "userDefined": false
      }
    ],
    "isTemplate": false,
    "count": 0,
    "lang": "en",
    "updated": 0
  },
  {
    "id": "5fa7eaa0-3cb8-4287-9fab-96dba57677cf",
    "data": [
      {
        "text": "characteristics of illegal dumping",
        "userDefined": false
      }
    ],
    "isTemplate": false,
    "count": 0,
    "lang": "en",
    "updated": 0
  }
]