[
  {
    "id": "b9f6a884-2946-4793-bc50-5593d41c0e0e",
    "data": [
      {
        "text": "waste",
        "userDefined": false
      }
    ],
    "isTemplate": false,
    "count": 0,
    "lang": "en",
    "updated": 0
  },
  {
    "id": "f9bc61a1-beb2-4b2e-bb86-956e141c94e8",
    "data": [
      {
        "text": "bulky waste",
        "userDefined": false
      }
    ],
    "isTemplate": false,
    "count": 0,
    "lang": "en",
    "updated": 0
  },
  {
    "id": "af2a55d9-6b78-4466-a5c7-e7ca974692b4",
    "data": [
      {
        "text": "bulky",
        "userDefined": false
      }
    ],
    "isTemplate": false,
    "count": 0,
    "lang": "en",
    "updated": 0
  },
  {
    "id": "9d699676-23dc-4a4a-8b08-8e857679e58e",
    "data": [
      {
        "text": "dumping",
        "userDefined": false
      }
    ],
    "isTemplate": false,
    "count": 0,
    "lang": "en",
    "updated": 0
  },
  {
    "id": "9df966fe-ca17-43b5-ab91-a27c09a73225",
    "data": [
      {
        "text": "illegal",
        "userDefined": false
      }
    ],
    "isTemplate": false,
    "count": 0,
    "lang": "en",
    "updated": 0
  },
  {
    "id": "68662304-b3e7-4225-bcd8-9f1772eb664a",
    "data": [
      {
        "text": "illegal dumping",
        "userDefined": false
      }
    ],
    "isTemplate": false,
    "count": 0,
    "lang": "en",
    "updated": 0
  }
]