[
  {
    "id": "aea7695b-e079-4d6e-ac2f-79bc2aa4af04",
    "data": [
      {
        "text": "introduction",
        "userDefined": false
      }
    ],
    "isTemplate": false,
    "count": 0,
    "lang": "en",
    "updated": 0
  },
  {
    "id": "ec5496dd-12c3-4907-b75d-1c6f0e181c7d",
    "data": [
      {
        "text": "hi, you are?",
        "userDefined": false
      }
    ],
    "isTemplate": false,
    "count": 0,
    "lang": "en",
    "updated": 0
  },
  {
    "id": "cb7eb481-11c3-4313-a973-c5e35e1f131b",
    "data": [
      {
        "text": "who are you?",
        "userDefined": false
      }
    ],
    "isTemplate": false,
    "count": 0,
    "lang": "en",
    "updated": 0
  },
  {
    "id": "f51efead-d475-4ad7-87fa-de27ddcbb49f",
    "data": [
      {
        "text": "Tell me more about yourself",
        "userDefined": false
      }
    ],
    "isTemplate": false,
    "count": 0,
    "lang": "en",
    "updated": 0
  },
  {
    "id": "8147c84f-50c8-4675-b20b-4aec9c00ef7e",
    "data": [
      {
        "text": "Introduce yourself",
        "userDefined": false
      }
    ],
    "isTemplate": false,
    "count": 0,
    "lang": "en",
    "updated": 0
  }
]