[
  {
    "id": "585b158c-6576-47a1-bcd7-d496fb54bd4c",
    "data": [
      {
        "text": "reminder letter",
        "userDefined": false
      }
    ],
    "isTemplate": false,
    "count": 0,
    "lang": "en",
    "updated": 0
  },
  {
    "id": "bf7f24ec-fdef-47df-9a27-8cec8429f602",
    "data": [
      {
        "text": "lor",
        "userDefined": false
      }
    ],
    "isTemplate": false,
    "count": 0,
    "lang": "en",
    "updated": 0
  },
  {
    "id": "937e8ea5-9ad9-45dd-8672-8b5346c5c4df",
    "data": [
      {
        "text": "letter of reminder",
        "userDefined": false
      }
    ],
    "isTemplate": false,
    "count": 0,
    "lang": "en",
    "updated": 0
  }
]