[
  {
    "id": "e86e65f5-cec0-4e44-a815-1863a975b70f",
    "data": [
      {
        "text": "loa court",
        "userDefined": false
      }
    ],
    "isTemplate": false,
    "count": 0,
    "lang": "en",
    "updated": 0
  },
  {
    "id": "8d6982cf-8426-4bb3-8e76-b0f7802f1cd0",
    "data": [
      {
        "text": "court",
        "userDefined": false
      }
    ],
    "isTemplate": false,
    "count": 0,
    "lang": "en",
    "updated": 0
  },
  {
    "id": "ed778517-e3d0-4174-a8a8-86c6cfddd34a",
    "data": [
      {
        "text": "court selection",
        "userDefined": false
      }
    ],
    "isTemplate": false,
    "count": 0,
    "lang": "en",
    "updated": 0
  }
]