[
  {
    "id": "786af361-8504-4775-a23a-3feab0008b2a",
    "data": [
      {
        "text": "West",
        "meta": "@Location",
        "alias": "Location",
        "userDefined": true
      }
    ],
    "isTemplate": false,
    "count": 1,
    "lang": "en",
    "updated": 0
  },
  {
    "id": "1aca751d-a677-4942-a711-9c18c086c085",
    "data": [
      {
        "text": "East",
        "meta": "@Location",
        "alias": "Location",
        "userDefined": true
      }
    ],
    "isTemplate": false,
    "count": 1,
    "lang": "en",
    "updated": 0
  },
  {
    "id": "6bb7a644-db12-4c66-a9ce-bdad2cc85737",
    "data": [
      {
        "text": "South",
        "meta": "@Location",
        "alias": "Location",
        "userDefined": true
      }
    ],
    "isTemplate": false,
    "count": 1,
    "lang": "en",
    "updated": 0
  },
  {
    "id": "b7444ea0-c068-4420-84a9-e5b446dfff97",
    "data": [
      {
        "text": "North",
        "meta": "@Location",
        "alias": "Location",
        "userDefined": true
      }
    ],
    "isTemplate": false,
    "count": 1,
    "lang": "en",
    "updated": 0
  },
  {
    "id": "1f826ffd-df07-43bb-939e-ec92e83e5716",
    "data": [
      {
        "text": "Central",
        "meta": "@Location",
        "alias": "Location",
        "userDefined": true
      }
    ],
    "isTemplate": false,
    "count": 1,
    "lang": "en",
    "updated": 0
  }
]