[
  {
    "id": "a5646f2c-5ea8-4597-b960-4e55dfc19ae3",
    "data": [
      {
        "text": "Whats the PSI like",
        "userDefined": false
      }
    ],
    "isTemplate": false,
    "count": 0,
    "lang": "en",
    "updated": 0
  },
  {
    "id": "77f71c58-7d34-4f93-bcda-d14edd950969",
    "data": [
      {
        "text": "whats the current PSI",
        "userDefined": false
      }
    ],
    "isTemplate": false,
    "count": 0,
    "lang": "en",
    "updated": 0
  },
  {
    "id": "6c839dda-40db-4620-8b71-6043262c2c1c",
    "data": [
      {
        "text": "can I know the PSI readings?",
        "userDefined": false
      }
    ],
    "isTemplate": false,
    "count": 0,
    "lang": "en",
    "updated": 0
  },
  {
    "id": "ae4a4f67-b0be-4b38-8133-efec0698b64e",
    "data": [
      {
        "text": "please let me see the PSI readings in my area",
        "userDefined": false
      }
    ],
    "isTemplate": false,
    "count": 0,
    "lang": "en",
    "updated": 0
  }
]