[
  {
    "id": "57a6d90c-e473-428a-badf-747d84420b05",
    "data": [
      {
        "text": "what is RPNSD",
        "userDefined": false
      }
    ],
    "isTemplate": false,
    "count": 0,
    "lang": "en",
    "updated": 0
  },
  {
    "id": "d6cfaa60-4bdc-409b-a33c-25c8fb6588b0",
    "data": [
      {
        "text": "What is radiation protection and nuclear science department?",
        "userDefined": false
      }
    ],
    "isTemplate": false,
    "count": 0,
    "lang": "en",
    "updated": 0
  },
  {
    "id": "6a1d8e51-7f57-485a-a0f0-f2f916ef3df3",
    "data": [
      {
        "text": "Explain radiation safety",
        "userDefined": false
      }
    ],
    "isTemplate": false,
    "count": 0,
    "lang": "en",
    "updated": 0
  },
  {
    "id": "57adaae9-1303-4fb3-aaa6-9f66aee9e708",
    "data": [
      {
        "text": "Radiation Safety",
        "userDefined": false
      }
    ],
    "isTemplate": false,
    "count": 0,
    "lang": "en",
    "updated": 0
  },
  {
    "id": "c505f853-b282-408e-af13-5df09544c738",
    "data": [
      {
        "text": "What is radiation safety?",
        "userDefined": false
      }
    ],
    "isTemplate": false,
    "count": 0,
    "lang": "en",
    "updated": 0
  }
]