[
  {
    "id": "fa07d951-1b92-4f8d-aa22-b4711e05edca",
    "data": [
      {
        "text": "warrant of arrest",
        "userDefined": false
      }
    ],
    "isTemplate": false,
    "count": 0,
    "lang": "en",
    "updated": 0
  },
  {
    "id": "72890ed9-c846-4560-8824-b291d0b5f680",
    "data": [
      {
        "text": "warrant of arrest what to do",
        "userDefined": false
      }
    ],
    "isTemplate": false,
    "count": 0,
    "lang": "en",
    "updated": 0
  },
  {
    "id": "7994976f-42ea-4b40-a432-30a21b74f7a8",
    "data": [
      {
        "text": "so what do i do if i am issued the warrant of arrest",
        "userDefined": false
      }
    ],
    "isTemplate": false,
    "count": 0,
    "lang": "en",
    "updated": 0
  }
]