[
  {
    "id": "20fa5186-c2d1-4f1e-94b2-37a4a6f2ad83",
    "data": [
      {
        "text": "Let me know the weather forecast in my area",
        "userDefined": false
      }
    ],
    "isTemplate": false,
    "count": 0,
    "lang": "en",
    "updated": 0
  },
  {
    "id": "b8013b79-8b37-4584-9c84-30b689aa7175",
    "data": [
      {
        "text": "What is the current weather forecast",
        "userDefined": false
      }
    ],
    "isTemplate": false,
    "count": 0,
    "lang": "en",
    "updated": 0
  },
  {
    "id": "43991709-4e2a-42fa-adf1-6b8777201293",
    "data": [
      {
        "text": "Please tell me the weather",
        "userDefined": false
      }
    ],
    "isTemplate": false,
    "count": 0,
    "lang": "en",
    "updated": 0
  },
  {
    "id": "5c61a9b7-90fe-4933-a608-6290c4100ee8",
    "data": [
      {
        "text": "Can I know the weather today",
        "userDefined": false
      }
    ],
    "isTemplate": false,
    "count": 0,
    "lang": "en",
    "updated": 0
  }
]