[
  {
    "value": "Ang Mo Kio",
    "synonyms": [
      "Ang Mo Kio"
    ]
  },
  {
    "value": "Bedok",
    "synonyms": [
      "Bedok"
    ]
  },
  {
    "value": "Bishan",
    "synonyms": [
      "Bishan"
    ]
  },
  {
    "value": "Boon Lay",
    "synonyms": [
      "Boon Lay"
    ]
  },
  {
    "value": "Bukit Batok",
    "synonyms": [
      "Bukit Batok"
    ]
  },
  {
    "value": "Bukit Merah",
    "synonyms": [
      "Bukit Merah"
    ]
  },
  {
    "value": "Bukit Panjang",
    "synonyms": [
      "Bukit Panjang"
    ]
  },
  {
    "value": "Bukit Timah",
    "synonyms": [
      "Bukit Timah"
    ]
  },
  {
    "value": "Central Water Catchment",
    "synonyms": [
      "Central Water Catchment"
    ]
  },
  {
    "value": "Changi",
    "synonyms": [
      "Changi"
    ]
  },
  {
    "value": "Choa Chu Kang",
    "synonyms": [
      "Choa Chu Kang"
    ]
  },
  {
    "value": "Clementi",
    "synonyms": [
      "Clementi"
    ]
  },
  {
    "value": "Geylang",
    "synonyms": [
      "Geylang"
    ]
  },
  {
    "value": "Hougang",
    "synonyms": [
      "Hougang"
    ]
  },
  {
    "value": "Jalan Bahar",
    "synonyms": [
      "Jalan Bahar"
    ]
  },
  {
    "value": "Jurong East",
    "synonyms": [
      "Jurong East"
    ]
  },
  {
    "value": "Jurong Island",
    "synonyms": [
      "Jurong Island"
    ]
  },
  {
    "value": "Jurong West",
    "synonyms": [
      "Jurong West"
    ]
  },
  {
    "value": "Kallang",
    "synonyms": [
      "Kallang"
    ]
  },
  {
    "value": "Lim Chu Kang",
    "synonyms": [
      "Lim Chu Kang"
    ]
  },
  {
    "value": "Mandai",
    "synonyms": [
      "Mandai"
    ]
  },
  {
    "value": "Marine Parade",
    "synonyms": [
      "Marine Parade"
    ]
  },
  {
    "value": "Novena",
    "synonyms": [
      "Novena"
    ]
  },
  {
    "value": "Pasir Ris",
    "synonyms": [
      "Pasir Ris"
    ]
  },
  {
    "value": "Paya Lebar",
    "synonyms": [
      "Paya Lebar"
    ]
  },
  {
    "value": "Pioneer",
    "synonyms": [
      "Pioneer"
    ]
  },
  {
    "value": "Pulau Tekong",
    "synonyms": [
      "Pulau Tekong"
    ]
  },
  {
    "value": "Pulau Ubin",
    "synonyms": [
      "Pulau Ubin"
    ]
  },
  {
    "value": "Punggol",
    "synonyms": [
      "Punggol"
    ]
  },
  {
    "value": "Queenstown",
    "synonyms": [
      "Queenstown"
    ]
  },
  {
    "value": "Seletar",
    "synonyms": [
      "Seletar"
    ]
  },
  {
    "value": "Sembawang",
    "synonyms": [
      "Sembawang"
    ]
  },
  {
    "value": "Sengkang",
    "synonyms": [
      "Sengkang"
    ]
  },
  {
    "value": "Sentosa",
    "synonyms": [
      "Sentosa"
    ]
  },
  {
    "value": "Serangoon",
    "synonyms": [
      "Serangoon"
    ]
  },
  {
    "value": "Southern Islands",
    "synonyms": [
      "Southern Islands"
    ]
  },
  {
    "value": "Sungei Kadut",
    "synonyms": [
      "Sungei Kadut"
    ]
  },
  {
    "value": "Tampines",
    "synonyms": [
      "Tampines"
    ]
  },
  {
    "value": "Tanglin",
    "synonyms": [
      "Tanglin"
    ]
  },
  {
    "value": "Tengah",
    "synonyms": [
      "Tengah"
    ]
  },
  {
    "value": "Toa Payoh",
    "synonyms": [
      "Toa Payoh"
    ]
  },
  {
    "value": "Tuas",
    "synonyms": [
      "Tuas"
    ]
  },
  {
    "value": "Western Islands",
    "synonyms": [
      "Western Islands"
    ]
  },
  {
    "value": "Western Water Catchment",
    "synonyms": [
      "Western Water Catchment"
    ]
  },
  {
    "value": "Woodlands",
    "synonyms": [
      "Woodlands"
    ]
  },
  {
    "value": "Yishun",
    "synonyms": [
      "Yishun"
    ]
  }
]